Material Code,Works,Category,Material Description,Unit
MG01.0001,GENERAL WORKS,AGGREGATE AND EARTH MATERIAL,COMMON BORROW,CUM
MG01.0002,GENERAL WORKS,AGGREGATE AND EARTH MATERIAL,SELECTED BORROW,CUM
MG01.0003,GENERAL WORKS,AGGREGATE AND EARTH MATERIAL,AGGREGATE SUBBASE COURSE,CUM
MG01.0004,GENERAL WORKS,AGGREGATE AND EARTH MATERIAL,AGGREGATE BASE COURSE,CUM
MG01.0005,GENERAL WORKS,AGGREGATE AND EARTH MATERIAL,AGGREGATE BASE COURSE (CRUSHED),CUM
MG01.0006,GENERAL WORKS,AGGREGATE AND EARTH MATERIAL,AGGREGATE SURFACE COURSE,CUM
MG01.0007,GENERAL WORKS,AGGREGATE AND EARTH MATERIAL,AGGREGATE SURFACE COURSE (CRUSHED),CUM
MG01.0008,GENERAL WORKS,AGGREGATE AND EARTH MATERIAL,FINE AGGREGATE (SAND),CUM
MG01.0009,GENERAL WORKS,AGGREGATE AND EARTH MATERIAL,"GRAVEL, 3/4"" (MAS 20 mm)",CUM
MG01.0010,GENERAL WORKS,AGGREGATE AND EARTH MATERIAL,"GRAVEL, G1 (MAS 40 mm)",CUM
MG01.0011,GENERAL WORKS,AGGREGATE AND EARTH MATERIAL,"GRAVEL, NATURAL",CUM
MG01.0012,GENERAL WORKS,AGGREGATE AND EARTH MATERIAL,"STONE, CLASS A (15 - 25 kg)",CUM
MG01.0013,GENERAL WORKS,AGGREGATE AND EARTH MATERIAL,"STONE, CLASS B (30 - 70 kg)",CUM
MG01.0014,GENERAL WORKS,AGGREGATE AND EARTH MATERIAL,"STONE, CLASS C (60 - 100 kg)",CUM
MG01.0015,GENERAL WORKS,AGGREGATE AND EARTH MATERIAL,"STONE, CLASS D (100 - 200 kg)",CUM
MG02.0001,GENERAL WORKS,BITUMINOUS MATERIAL,"ASPHALT CEMENT, PENETRATION GRADE 30-50",MTON
MG02.0002,GENERAL WORKS,BITUMINOUS MATERIAL,"ASPHALT CEMENT, PENETRATION GRADE 60-70",MTON
MG02.0003,GENERAL WORKS,BITUMINOUS MATERIAL,"ASPHALT CEMENT, PENETRATION GRADE 85-100",MTON
MG02.0004,GENERAL WORKS,BITUMINOUS MATERIAL,"ASPHALT CEMENT, PENETRATION GRADE 120-150",MTON
MG02.0005,GENERAL WORKS,BITUMINOUS MATERIAL,"ASPHALT CONCRETE, COLD-LAID (PLANT MIX)",MTON
MG02.0006,GENERAL WORKS,BITUMINOUS MATERIAL,"ASPHALT CONCRETE, HOT-LAID (PLANT MIX)",MTON
MG02.0007,GENERAL WORKS,BITUMINOUS MATERIAL,"CUT-BACK ASPHALT, MC30",MTON
MG02.0008,GENERAL WORKS,BITUMINOUS MATERIAL,"CUT-BACK ASPHALT, MC70",MTON
MG02.0009,GENERAL WORKS,BITUMINOUS MATERIAL,"CUT-BACK ASPHALT, MC250",MTON
MG02.0010,GENERAL WORKS,BITUMINOUS MATERIAL,"CUT-BACK ASPHALT, MC800",MTON
MG02.0011,GENERAL WORKS,BITUMINOUS MATERIAL,"CUT-BACK ASPHALT, MC3000",MTON
MG02.0012,GENERAL WORKS,BITUMINOUS MATERIAL,"CUT-BACK ASPHALT, RC70",MTON
MG02.0013,GENERAL WORKS,BITUMINOUS MATERIAL,"CUT-BACK ASPHALT, RC250",MTON
MG02.0014,GENERAL WORKS,BITUMINOUS MATERIAL,"CUT-BACK ASPHALT, RC800",MTON
MG02.0015,GENERAL WORKS,BITUMINOUS MATERIAL,"CUT-BACK ASPHALT, RC3000",MTON
MG02.0016,GENERAL WORKS,BITUMINOUS MATERIAL,"EMULSIFIED ASPHALT, ANIONIC",MTON
MG02.0017,GENERAL WORKS,BITUMINOUS MATERIAL,"EMULSIFIED ASPHALT, CATIONIC CRS-1",MTON
MG02.0018,GENERAL WORKS,BITUMINOUS MATERIAL,"EMULSIFIED ASPHALT, CATIONIC CRS-2",MTON
MG02.0019,GENERAL WORKS,BITUMINOUS MATERIAL,"EMULSIFIED ASPHALT, CATIONIC SS1",MTON
MG02.0020,GENERAL WORKS,BITUMINOUS MATERIAL,TAR / ASPHALT PAINT,GAL
MG03.0001,GENERAL WORKS,CEMENT,"MASONRY CEMENT / HYDRATED LIME, TYPE N (40 kg)",BAG
MG03.0002,GENERAL WORKS,CEMENT,PORTLAND CEMENT (40 kg),BAG
MG03.0003,GENERAL WORKS,CEMENT,"PORTLAND-POZZOLAN CEMENT, TYPE 1P (40 kg)",BAG
MG04.0001,GENERAL WORKS,CONCRETE HOLLOW BLOCK,"CHB LOAD BEARING (4"" x 8"" x 16"")",PC
MG04.0002,GENERAL WORKS,CONCRETE HOLLOW BLOCK,"CHB LOAD BEARING (6"" x 8"" x 16"")",PC
MG04.0003,GENERAL WORKS,CONCRETE HOLLOW BLOCK,"CHB ORDINARY (4"" x 8"" x 16"")",PC
MG04.0004,GENERAL WORKS,CONCRETE HOLLOW BLOCK,"CHB ORDINARY (6"" x 8"" x 16"")",PC
MG05.0001,GENERAL WORKS,CHEMICAL,CEMENT WATERPROOFING COMPOUND,KG
MG05.0002,GENERAL WORKS,CHEMICAL,CONCRETE EPOXY (PART A & B SET),GAL
MG05.0003,GENERAL WORKS,CHEMICAL,CONCRETE NEUTRALIZER,LTR
MG05.0004,GENERAL WORKS,CHEMICAL,CURING COMPOUND,LTR
MG05.0005,GENERAL WORKS,CHEMICAL,PVC SOLVENT CEMENT,LTR
MG05.0006,GENERAL WORKS,CHEMICAL,RUST CONVERTER/REMOVER,GAL
MG05.0007,GENERAL WORKS,CHEMICAL,TERMICIDE (CLEAR),LTR
MG05.0008,GENERAL WORKS,CHEMICAL,DIESEL GEAR OIL,LTR
MG05.0009,GENERAL WORKS,CHEMICAL,DIESEL,LTR
MG05.0010,GENERAL WORKS,CHEMICAL,"GASOLINE, PREMIUM",LTR
MG05.0011,GENERAL WORKS,CHEMICAL,"GASOLINE, REGULAR",LTR
MG05.0012,GENERAL WORKS,CHEMICAL,GREASE,LTR
MG05.0013,GENERAL WORKS,CHEMICAL,KEROSINE,LTR
MG05.0014,GENERAL WORKS,CHEMICAL,LIQUIFIED PETROLEUM GAS (LPG),KG
MG06.0001,GENERAL WORKS,FORM,"COMMON WIRE NAIL, ASSORTED",KG
MG06.0002,GENERAL WORKS,FORM,"CONCRETE NAIL, ASSORTED",KG
MG06.0003,GENERAL WORKS,FORM,COCO LUMBER,BDFT
MG06.0004,GENERAL WORKS,FORM,GOOD LUMBER,BDFT
MG06.0005,GENERAL WORKS,FORM,FORM OIL,LTR
MG06.0006,GENERAL WORKS,FORM,"MARINE PLYWOOD (1/4"" x 4' x 8')",PC
MG06.0007,GENERAL WORKS,FORM,"MARINE PLYWOOD (1/2"" x 4' x 8')",PC
MG06.0008,GENERAL WORKS,FORM,"MARINE PLYWOOD (3/4"" x 4' x 8')",PC
MG06.0009,GENERAL WORKS,FORM,"ORDINARY PLYWOOD (1/4"" x 4' x 8')",PC
MG06.0010,GENERAL WORKS,FORM,"ORDINARY PLYWOOD (1/2"" x 4' x 8')",PC
MG06.0011,GENERAL WORKS,FORM,"ORDINARY PLYWOOD (3/4"" x 4' x 8')",PC
MG06.0018,GENERAL WORKS,FORM,"PHENOLIC BOARD, (1/2"" x 4' x 8')",PC
MG06.0019,GENERAL WORKS,FORM,"PHENOLIC BOARD, (3/4"" x 4' x 8')",PC
MG06.0012,GENERAL WORKS,FORM,STEEL FORM (150 mm width),M
MG06.0013,GENERAL WORKS,FORM,STEEL FORM (200 mm width),M
MG06.0014,GENERAL WORKS,FORM,STEEL FORM (230 mm width),M
MG06.0015,GENERAL WORKS,FORM,STEEL FORM (250 mm width),M
MG06.0016,GENERAL WORKS,FORM,STEEL FORM (280 mm width),M
MG06.0017,GENERAL WORKS,FORM,STEEL FORM (300 mm width),M
MG07.0001,GENERAL WORKS,PAINT,EPOXY PRIMER WITH CATALYST (SET),GAL
MG07.0002,GENERAL WORKS,PAINT,RED OXIDE METAL PRIMER,GAL
MG07.0003,GENERAL WORKS,PAINT,SOLVENT-BASED PRIMER,GAL
MG07.0004,GENERAL WORKS,PAINT,TINTING COLOR,LTR
MG07.0005,GENERAL WORKS,PAINT,ALUMINUM PAINT,GAL
MG07.0006,GENERAL WORKS,PAINT,"LATEX PAINT, GLOSS",GAL
MG07.0007,GENERAL WORKS,PAINT,"LATEX PAINT, SEMI-GLOSS",GAL
MG07.0008,GENERAL WORKS,PAINT,QUICK-DRYING ENAMEL PAINT,GAL
MG07.0009,GENERAL WORKS,PAINT,LACQUER THINNER,GAL
MG07.0010,GENERAL WORKS,PAINT,PAINT THINNER,GAL
MG07.0011,GENERAL WORKS,PAINT,GLAZING PUTTY,GAL
MG08.0001,GENERAL WORKS,PIPE,"GI PIPE, SCHEDULE 40 (1/2"" | 12.7 mm Ø)",PC
MG08.0002,GENERAL WORKS,PIPE,"GI PIPE, SCHEDULE 40 (3/4"" | 19 mm Ø)",PC
MG08.0003,GENERAL WORKS,PIPE,"GI PIPE, SCHEDULE 40 (1"" | 25.4 mm Ø)",PC
MG08.0004,GENERAL WORKS,PIPE,"GI PIPE, SCHEDULE 40 (1 1/2"" | 38 mm Ø)",PC
MG08.0005,GENERAL WORKS,PIPE,"GI PIPE, SCHEDULE 40 (2"" | 50 mm Ø)",PC
MG08.0006,GENERAL WORKS,PIPE,"GI PIPE, SCHEDULE 40 (2 1/2"" | 63 mm Ø)",PC
MG08.0007,GENERAL WORKS,PIPE,"GI PIPE, SCHEDULE 40 (3"" | 76 mm Ø)",PC
MG08.0008,GENERAL WORKS,PIPE,"GI PIPE, SCHEDULE 40 (3 1/2"" | 89 mm Ø)",PC
MG08.0009,GENERAL WORKS,PIPE,"GI PIPE, SCHEDULE 40 (4"" | 101 mm Ø)",PC
MG08.0010,GENERAL WORKS,PIPE,"GI PIPE, SCHEDULE 40 (5"" | 127 mm Ø)",PC
MG08.0011,GENERAL WORKS,PIPE,"GI PIPE, SCHEDULE 40 (6"" | 152.4 mm Ø)",PC
MG08.0012,GENERAL WORKS,PIPE,"PVC PIPE (1/2"" | 12.7 mm Ø)",PC
MG08.0013,GENERAL WORKS,PIPE,"PVC PIPE (3/4"" | 19 mm Ø)",PC
MG08.0014,GENERAL WORKS,PIPE,"PVC PIPE (1"" | 25.4 mm Ø)",PC
MG08.0015,GENERAL WORKS,PIPE,"PVC PIPE (1 1/2"" | 38 mm Ø)",PC
MG08.0016,GENERAL WORKS,PIPE,"PVC PIPE (2"" | 50 mm Ø)",PC
MG08.0017,GENERAL WORKS,PIPE,"PVC PIPE (2 1/2"" | 63 mm Ø)",PC
MG08.0018,GENERAL WORKS,PIPE,"PVC PIPE (3"" | 76 mm Ø)",PC
MG08.0019,GENERAL WORKS,PIPE,"PVC PIPE (3 1/2"" | 89 mm Ø)",PC
MG08.0020,GENERAL WORKS,PIPE,"PVC PIPE (4"" | 101 mm Ø)",PC
MG08.0039,GENERAL WORKS,PIPE,"BI PIPE, SCHEDULE 40 (1"" | 25.4 mm Ø)",PC
MG08.0040,GENERAL WORKS,PIPE,"BI PIPE, SCHEDULE 40 (1 1/2"" | 38 mm Ø)",PC
MG08.0041,GENERAL WORKS,PIPE,"BI PIPE, SCHEDULE 40 (2"" | 50 mm Ø)",PC
MG08.0042,GENERAL WORKS,PIPE,"BI PIPE, SCHEDULE 40 (4"" | 101 mm Ø)",PC
MG08.0021,GENERAL WORKS,PIPE,"REINFORCED CONCRETE PIPE, CLASS II (12"" | 300 mm Ø)",PC
MG08.0022,GENERAL WORKS,PIPE,"REINFORCED CONCRETE PIPE, CLASS II (18"" | 460 mm Ø)",PC
MG08.0023,GENERAL WORKS,PIPE,"REINFORCED CONCRETE PIPE, CLASS II (24"" | 610 mm Ø)",PC
MG08.0024,GENERAL WORKS,PIPE,"REINFORCED CONCRETE PIPE, CLASS II (30"" | 760 mm Ø)",PC
MG08.0025,GENERAL WORKS,PIPE,"REINFORCED CONCRETE PIPE, CLASS II (36"" | 910 mm Ø)",PC
MG08.0026,GENERAL WORKS,PIPE,"REINFORCED CONCRETE PIPE, CLASS II (42"" | 1070 mm Ø)",PC
MG08.0027,GENERAL WORKS,PIPE,"REINFORCED CONCRETE PIPE, CLASS II (48"" | 1220 mm Ø)",PC
MG08.0028,GENERAL WORKS,PIPE,"REINFORCED CONCRETE PIPE, CLASS II (54"" | 1370 mm Ø)",PC
MG08.0029,GENERAL WORKS,PIPE,"REINFORCED CONCRETE PIPE, CLASS II (60"" | 1524 mm Ø)",PC
MG08.0030,GENERAL WORKS,PIPE,"REINFORCED CONCRETE PIPE, CLASS IV (12"" | 300 mm Ø)",PC
MG08.0031,GENERAL WORKS,PIPE,"REINFORCED CONCRETE PIPE, CLASS IV (18"" | 460 mm Ø)",PC
MG08.0032,GENERAL WORKS,PIPE,"REINFORCED CONCRETE PIPE, CLASS IV (24"" | 610 mm Ø)",PC
MG08.0033,GENERAL WORKS,PIPE,"REINFORCED CONCRETE PIPE, CLASS IV (30"" | 760 mm Ø)",PC
MG08.0034,GENERAL WORKS,PIPE,"REINFORCED CONCRETE PIPE, CLASS IV (36"" | 910 mm Ø)",PC
MG08.0035,GENERAL WORKS,PIPE,"REINFORCED CONCRETE PIPE, CLASS IV (42"" | 1070 mm Ø)",PC
MG08.0036,GENERAL WORKS,PIPE,"REINFORCED CONCRETE PIPE, CLASS IV (48"" | 1220 mm Ø)",PC
MG08.0037,GENERAL WORKS,PIPE,"REINFORCED CONCRETE PIPE, CLASS IV (54"" | 1370 mm Ø)",PC
MG08.0038,GENERAL WORKS,PIPE,"REINFORCED CONCRETE PIPE, CLASS IV (60"" | 1524 mm Ø)",PC
MG09.0001,GENERAL WORKS,READY-MIX CONCRETE,"READY-MIX CONCRETE, 3000 PSI @ 28 DAYS, G1",CUM
MG09.0002,GENERAL WORKS,READY-MIX CONCRETE,"READY-MIX CONCRETE, 3000 PSI @ 14 DAYS, G1",CUM
MG09.0003,GENERAL WORKS,READY-MIX CONCRETE,"READY-MIX CONCRETE, 3000 PSI @ 7 DAYS, G1",CUM
MG09.0004,GENERAL WORKS,READY-MIX CONCRETE,"READY-MIX CONCRETE, 3000 PSI @ 3 DAYS, G1",CUM
MG09.0005,GENERAL WORKS,READY-MIX CONCRETE,"READY-MIX CONCRETE, 3500 PSI @ 28 DAYS, G1",CUM
MG09.0006,GENERAL WORKS,READY-MIX CONCRETE,"READY-MIX CONCRETE, 3500 PSI @ 14 DAYS, G1",CUM
MG09.0007,GENERAL WORKS,READY-MIX CONCRETE,"READY-MIX CONCRETE, 3500 PSI @ 7 DAYS, G1",CUM
MG09.0008,GENERAL WORKS,READY-MIX CONCRETE,"READY-MIX CONCRETE, 3500 PSI @ 3 DAYS, G1",CUM
MG09.0009,GENERAL WORKS,READY-MIX CONCRETE,"READY-MIX CONCRETE, 4000 PSI @ 28 DAYS, G1",CUM
MG09.0010,GENERAL WORKS,READY-MIX CONCRETE,"READY-MIX CONCRETE, 4000 PSI @ 14 DAYS, G1",CUM
MG09.0011,GENERAL WORKS,READY-MIX CONCRETE,"READY-MIX CONCRETE, 4500 PSI @ 28 DAYS, G1",CUM
MG09.0012,GENERAL WORKS,READY-MIX CONCRETE,"READY-MIX CONCRETE, 5000 PSI @ 28 DAYS, G1",CUM
MG10.0001,GENERAL WORKS,STRUCTURAL STEEL,REINFORCING STEEL BAR (GRADE 40),KG
MG10.0002,GENERAL WORKS,STRUCTURAL STEEL,REINFORCING STEEL BAR (GRADE 60),KG
MG10.0003,GENERAL WORKS,STRUCTURAL STEEL,GI TIE WIRE #16,KG
MG10.0004,GENERAL WORKS,STRUCTURAL STEEL,ANGULAR BAR (A36),KG
MG10.0005,GENERAL WORKS,STRUCTURAL STEEL,CHANNEL BAR (A36),KG
MG10.0024,GENERAL WORKS,STRUCTURAL STEEL,FLAT BAR (A36),KG
MG10.0006,GENERAL WORKS,STRUCTURAL STEEL,SQUARE BAR (A36),KG
MG10.0007,GENERAL WORKS,STRUCTURAL STEEL,I-BEAM (A36),KG
MG10.0008,GENERAL WORKS,STRUCTURAL STEEL,WIDE FLANGE (A36),KG
MG10.0009,GENERAL WORKS,STRUCTURAL STEEL,"MILLED STEEL PLATE, PLAIN (A36)",KG
MG10.0010,GENERAL WORKS,STRUCTURAL STEEL,"STEEL CASING (10 mm thk, 600 mm Ø)",M
MG10.0011,GENERAL WORKS,STRUCTURAL STEEL,"STEEL CASING (10 mm thk, 700 mm Ø)",M
MG10.0012,GENERAL WORKS,STRUCTURAL STEEL,"STEEL CASING (10 mm thk, 800 mm Ø)",M
MG10.0013,GENERAL WORKS,STRUCTURAL STEEL,"STEEL CASING (10 mm thk, 900 mm Ø)",M
MG10.0014,GENERAL WORKS,STRUCTURAL STEEL,"STEEL CASING (10 mm thk, 1000 mm Ø)",M
MG10.0015,GENERAL WORKS,STRUCTURAL STEEL,"STEEL CASING (10 mm thk, 1100 mm Ø)",M
MG10.0016,GENERAL WORKS,STRUCTURAL STEEL,"STEEL CASING (10 mm thk, 1200 mm Ø)",M
MG10.0017,GENERAL WORKS,STRUCTURAL STEEL,"STEEL CASING (10 mm thk, 1300 mm Ø)",M
MG10.0018,GENERAL WORKS,STRUCTURAL STEEL,"STEEL CASING (10 mm thk, 1400 mm Ø)",M
MG10.0019,GENERAL WORKS,STRUCTURAL STEEL,"STEEL CASING (10 mm thk, 1500 mm Ø)",M
MG10.0020,GENERAL WORKS,STRUCTURAL STEEL,"STEEL SHEET PILE, U-TYPE (A36)",KG
MG10.0021,GENERAL WORKS,STRUCTURAL STEEL,"STEEL SHEET PILE, U-TYPE (A50)",KG
MG10.0022,GENERAL WORKS,STRUCTURAL STEEL,"STEEL SHELL/TUBULAR PIPE (9.50 mm thk, 400 mm Ø)",M
MG10.0023,GENERAL WORKS,STRUCTURAL STEEL,"STEEL SHELL/TUBULAR PIPE (9.50 mm thk, 500 mm Ø)",M
MG99.0001,GENERAL WORKS,VARIOUS,ACETYLENE,KG
MG99.0002,GENERAL WORKS,VARIOUS,OXYGEN,KG
MG99.0003,GENERAL WORKS,VARIOUS,WELDING ROD,KG
MG99.0004,GENERAL WORKS,VARIOUS,BENTONITE,KG
MG99.0005,GENERAL WORKS,VARIOUS,PACKAGING TAPE (50 mm x 50 m),PC
MG99.0006,GENERAL WORKS,VARIOUS,TEFFLON TAPE (12 mm x 10 m),ROLL
MG99.0007,GENERAL WORKS,VARIOUS,POLYETHYLENE SHEET (0.1 mm thk),SQM
MG99.0008,GENERAL WORKS,VARIOUS,RUBBER HOSE (12.70 mm Ø),M
MG99.0009,GENERAL WORKS,VARIOUS,SAND PAPER (23 cm x 28 cm),PC
MG99.0010,GENERAL WORKS,VARIOUS,SILICA SAND,KG
MG99.0011,GENERAL WORKS,VARIOUS,HINGE (50 mm x 101 mm),PAIR
MG99.0012,GENERAL WORKS,VARIOUS,TARPAULIN,SQFT
MG99.0013,GENERAL WORKS,VARIOUS,"TURNBUCKLE (1/2"" | 12.7 mm Ø)",PC
MG99.0014,GENERAL WORKS,VARIOUS,"TURNBUCKLE (5/8"" | 16 mm Ø)",PC
MG99.0015,GENERAL WORKS,VARIOUS,"TURNBUCKLE (3/4"" | 19 mm Ø)",PC
MS01.0001,SPECIFIC WORKS,CURB AND GUTTER,PRECAST CONCRETE CURB (3000 PSI),M
MS01.0002,SPECIFIC WORKS,CURB AND GUTTER,PRECAST CONCRETE GUTTER (3000 PSI),M
MS01.0003,SPECIFIC WORKS,CURB AND GUTTER,PRECAST CONCRETE CURB & GUTTER (3000 PSI),M
MS02.0001,SPECIFIC WORKS,SLOPE AND BANK PROTECTION MATERIAL,"GABION, METALLIC COATED (0.5m x 1m x 3m)",PC
MS02.0002,SPECIFIC WORKS,SLOPE AND BANK PROTECTION MATERIAL,"GABION, METALLIC COATED (0.5m x 1m x 4m)",PC
MS02.0003,SPECIFIC WORKS,SLOPE AND BANK PROTECTION MATERIAL,"GABION, METALLIC COATED (1m x 1m x 2m)",PC
MS02.0004,SPECIFIC WORKS,SLOPE AND BANK PROTECTION MATERIAL,"GABION, METALLIC COATED (1m x 1m x 3m)",PC
MS02.0005,SPECIFIC WORKS,SLOPE AND BANK PROTECTION MATERIAL,"GABION, METALLIC COATED (1m x 1m x 4m)",PC
MS02.0006,SPECIFIC WORKS,SLOPE AND BANK PROTECTION MATERIAL,"GABION, PVC COATED (0.5m x 1m x 3m)",PC
MS02.0007,SPECIFIC WORKS,SLOPE AND BANK PROTECTION MATERIAL,"GABION, PVC COATED (0.5m x 1m x 4m)",PC
MS02.0008,SPECIFIC WORKS,SLOPE AND BANK PROTECTION MATERIAL,"GABION, PVC COATED (1m x 1m x 2m)",PC
MS02.0009,SPECIFIC WORKS,SLOPE AND BANK PROTECTION MATERIAL,"GABION, PVC COATED (1m x 1m x 3m)",PC
MS02.0010,SPECIFIC WORKS,SLOPE AND BANK PROTECTION MATERIAL,"GABION, PVC COATED (1m x 1m x 4m)",PC
MS02.0011,SPECIFIC WORKS,SLOPE AND BANK PROTECTION MATERIAL,"MATTRESS, METALLIC COATED (0.3m x 2m x 6m)",PC
MS02.0012,SPECIFIC WORKS,SLOPE AND BANK PROTECTION MATERIAL,"MATTRESS, PVC COATED (0.3m x 2m x 6m)",PC
MS02.0013,SPECIFIC WORKS,SLOPE AND BANK PROTECTION MATERIAL,FILTER CLOTH,SQM
MS02.0014,SPECIFIC WORKS,SLOPE AND BANK PROTECTION MATERIAL,"COCO-NET, CGN 400",SQM
MS02.0015,SPECIFIC WORKS,SLOPE AND BANK PROTECTION MATERIAL,"COCO-NET, CGN 700",SQM
MS02.0016,SPECIFIC WORKS,SLOPE AND BANK PROTECTION MATERIAL,"FASCINE, CGR 200",M
MS02.0017,SPECIFIC WORKS,SLOPE AND BANK PROTECTION MATERIAL,"FASCINE, CGR 300",M
MS02.0018,SPECIFIC WORKS,SLOPE AND BANK PROTECTION MATERIAL,SODDING,SQM
MS02.0019,SPECIFIC WORKS,SLOPE AND BANK PROTECTION MATERIAL,TOPSOIL (GARDEN SOIL),CUM
MS02.0020,SPECIFIC WORKS,SLOPE AND BANK PROTECTION MATERIAL,"VEGETATION, HYDROSEEDING",SQM
MS02.0021,SPECIFIC WORKS,SLOPE AND BANK PROTECTION MATERIAL,"VEGETATION, VETIVER GRASS SYSTEM",SQM
MS03.0001,SPECIFIC WORKS,EXPANSION JOINT MATERIAL,PREMOLDED EXPANSION JOINT FILLER (12 mm),SQM
MS04.0001,SPECIFIC WORKS,FENCING MATERIAL,"3' CYCLONE WIRE (GALVANIZED, GA 10)",M
MS04.0002,SPECIFIC WORKS,FENCING MATERIAL,"4' CYCLONE WIRE (GALVANIZED, GA 10)",M
MS04.0003,SPECIFIC WORKS,FENCING MATERIAL,"5' CYCLONE WIRE (GALVANIZED, GA 10)",M
MS04.0004,SPECIFIC WORKS,FENCING MATERIAL,"6' CYCLONE WIRE (GALVANIZED, GA 10)",M
MS04.0005,SPECIFIC WORKS,FENCING MATERIAL,"BARBED WIRE, 2 STRANDS (GALVANIZED, GA 12.5)",M
MS04.0006,SPECIFIC WORKS,FENCING MATERIAL,"BARBED WIRE, 3 STRANDS (GALVANIZED, GA 12.5)",M
MS05.0001,SPECIFIC WORKS,GIRDER,PRESTRESSED CONCRETE GIRDER (AASHTO TYPE I),M
MS05.0002,SPECIFIC WORKS,GIRDER,PRESTRESSED CONCRETE GIRDER (AASHTO TYPE II),M
MS05.0003,SPECIFIC WORKS,GIRDER,PRESTRESSED CONCRETE GIRDER (AASHTO TYPE III),M
MS05.0004,SPECIFIC WORKS,GIRDER,PRESTRESSED CONCRETE GIRDER (AASHTO TYPE IV),M
MS05.0005,SPECIFIC WORKS,GIRDER,PRESTRESSED CONCRETE GIRDER (AASHTO TYPE IV-A),M
MS05.0006,SPECIFIC WORKS,GIRDER,PRESTRESSED CONCRETE GIRDER (AASHTO TYPE IV-B),M
MS05.0007,SPECIFIC WORKS,GIRDER,PRESTRESSED CONCRETE GIRDER (AASHTO TYPE V),M
MS05.0008,SPECIFIC WORKS,GIRDER,PRESTRESSED CONCRETE GIRDER (AASHTO TYPE VI),M
MS05.0009,SPECIFIC WORKS,GIRDER,PRESTRESSED CONCRETE ANCHORAGE ASSEMBLY,SET
MS05.0010,SPECIFIC WORKS,GIRDER,"DUCT TUBE, GALVANIZED METAL (50 mm Ø)",M
MS05.0011,SPECIFIC WORKS,GIRDER,HIGH-TENSILE WIRE STRAND (12.70 mm Ø),KG
MS09.0001,SPECIFIC WORKS,ELECTRICAL WORKS,"RIGID STEEL CONDUIT (1/2"" | 12.7 mm Ø, 6m)",PC
MS09.0002,SPECIFIC WORKS,ELECTRICAL WORKS,"RIGID STEEL CONDUIT (3/4"" | 19 mm Ø, 6m)",PC
MS09.0003,SPECIFIC WORKS,ELECTRICAL WORKS,"RIGID STEEL CONDUIT (1"" | 25.4 mm Ø, 6m)",PC
MS09.0004,SPECIFIC WORKS,ELECTRICAL WORKS,"RIGID STEEL CONDUIT COUPLING (1/2"" | 12.7 mm Ø)",PC
MS09.0005,SPECIFIC WORKS,ELECTRICAL WORKS,"RIGID STEEL CONDUIT COUPLING (3/4"" | 19 mm Ø)",PC
MS09.0006,SPECIFIC WORKS,ELECTRICAL WORKS,"RIGID STEEL CONDUIT COUPLING (1"" | 25.4 mm Ø)",PC
MS09.0007,SPECIFIC WORKS,ELECTRICAL WORKS,"RIGID STEEL CONDUIT ELBOW, 90º (1/2"" | 12.7 mm Ø)",PC
MS09.0008,SPECIFIC WORKS,ELECTRICAL WORKS,"RIGID STEEL CONDUIT ELBOW, 90º (3/4"" | 19 mm Ø)",PC
MS09.0009,SPECIFIC WORKS,ELECTRICAL WORKS,"RIGID STEEL CONDUIT ELBOW, 90º (1"" | 25.4 mm Ø)",PC
MS09.0010,SPECIFIC WORKS,ELECTRICAL WORKS,"RIGID STEEL LOCKNUT AND BUSHING (1/2"" | 12.7 mm Ø)",PC
MS09.0011,SPECIFIC WORKS,ELECTRICAL WORKS,"RIGID STEEL LOCKNUT AND BUSHING (3/4"" | 19 mm Ø)",PC
MS09.0012,SPECIFIC WORKS,ELECTRICAL WORKS,"RIGID STEEL LOCKNUT AND BUSHING (1"" | 25.4 mm Ø)",PC
MS09.0013,SPECIFIC WORKS,ELECTRICAL WORKS,"PVC CONDUIT (1/2"" | 12.7 mm Ø)",PC
MS09.0014,SPECIFIC WORKS,ELECTRICAL WORKS,"PVC CONDUIT (3/4"" | 19 mm Ø)",PC
MS09.0015,SPECIFIC WORKS,ELECTRICAL WORKS,"PVC CONDUIT (1"" | 25.4 mm Ø)",PC
MS09.0016,SPECIFIC WORKS,ELECTRICAL WORKS,"PVC CONDUIT ELBOW, 90º (1/2"" | 12.7 mm Ø)",PC
MS09.0017,SPECIFIC WORKS,ELECTRICAL WORKS,"PVC CONDUIT ELBOW, 90º (3/4"" | 19 mm Ø)",PC
MS09.0018,SPECIFIC WORKS,ELECTRICAL WORKS,"PVC CONDUIT ELBOW, 90º (1"" | 25.4 mm Ø)",PC
MS09.0019,SPECIFIC WORKS,ELECTRICAL WORKS,"PVC MALE ADAPTER WITH LOCKNUT (3/4"" | 19 mm Ø)",PC
MS09.0020,SPECIFIC WORKS,ELECTRICAL WORKS,"PVC MALE ADAPTER WITH LOCKNUT (1"" | 25.4 mm Ø)",PC
MS09.0021,SPECIFIC WORKS,ELECTRICAL WORKS,"INTERMIDIATE METAL CONDUIT (1/2"" | 12.7 mm Ø)",PC
MS09.0022,SPECIFIC WORKS,ELECTRICAL WORKS,"INTERMIDIATE METAL CONDUIT (3/4"" | 19 mm Ø)",PC
MS09.0023,SPECIFIC WORKS,ELECTRICAL WORKS,"INTERMIDIATE METAL CONDUIT (1"" | 25.4 mm Ø)",PC
MS09.0024,SPECIFIC WORKS,ELECTRICAL WORKS,"INTERMIDIATE METAL CONDUIT COUPLING (1/2"" | 12.7 mm Ø)",PC
MS09.0025,SPECIFIC WORKS,ELECTRICAL WORKS,"INTERMIDIATE METAL CONDUIT COUPLING (3/4"" | 19 mm Ø)",PC
MS09.0026,SPECIFIC WORKS,ELECTRICAL WORKS,"INTERMIDIATE METAL CONDUIT COUPLING (1"" | 25.4 mm Ø)",PC
MS09.0027,SPECIFIC WORKS,ELECTRICAL WORKS,"INTERMIDIATE METAL CONDUIT LOCKNUT AND BUSHING (1/2"" | 12.7 mm Ø)",PC
MS09.0028,SPECIFIC WORKS,ELECTRICAL WORKS,"INTERMIDIATE METAL CONDUIT LOCKNUT AND BUSHING (3/4"" | 19 mm Ø)",PC
MS09.0029,SPECIFIC WORKS,ELECTRICAL WORKS,"INTERMIDIATE METAL CONDUIT LOCKNUT AND BUSHING (1"" | 25.4 mm Ø)",PC
MS09.0030,SPECIFIC WORKS,ELECTRICAL WORKS,"INTERMIDIATE METAL CONDUIT ELBOW, 90º (1/2"" | 12.7 mm Ø)",PC
MS09.0031,SPECIFIC WORKS,ELECTRICAL WORKS,"INTERMIDIATE METAL CONDUIT ELBOW, 90º (3/4"" | 19 mm Ø)",PC
MS09.0032,SPECIFIC WORKS,ELECTRICAL WORKS,"INTERMIDIATE METAL CONDUIT ELBOW, 90º (1"" | 25.4 mm Ø)",PC
MS09.0033,SPECIFIC WORKS,ELECTRICAL WORKS,"FLEXIBLE METAL CONDUIT (1/2"" | 12.7 mm Ø)",M
MS09.0034,SPECIFIC WORKS,ELECTRICAL WORKS,"FLEXIBLE METAL CONDUIT CONNECTOR (1/2"" | 12.7 mm Ø)",PC
MS09.0035,SPECIFIC WORKS,ELECTRICAL WORKS,"FLEXIBLE PVC CONDUIT (1/2"" | 12.7 mm Ø)",M
MS09.0036,SPECIFIC WORKS,ELECTRICAL WORKS,"FLEXIBLE PVC CONDUIT CONNECTOR (1/2"" | 12.7 mm Ø)",PC
MS09.0037,SPECIFIC WORKS,ELECTRICAL WORKS,"MICA TUBE (1/4"" | 6.35 mm Ø)",M
MS09.0038,SPECIFIC WORKS,ELECTRICAL WORKS,"SERVICE ENTRANCE CAP (1"" | 25.4 mm Ø)",PC
MS09.0039,SPECIFIC WORKS,ELECTRICAL WORKS,"SERVICE ENTRANCE CAP (1 1/4"" | 32 mm Ø)",PC
MS09.0040,SPECIFIC WORKS,ELECTRICAL WORKS,"SERVICE ENTRANCE CAP (1 1/2"" | 38 mm Ø)",PC
MS09.0041,SPECIFIC WORKS,ELECTRICAL WORKS,"SERVICE ENTRANCE CAP (2"" | 50 mm Ø)",PC
MS09.0042,SPECIFIC WORKS,ELECTRICAL WORKS,"SERVICE ENTRANCE CAP (2 1/2"" | 63 mm Ø)",PC
MS09.0043,SPECIFIC WORKS,ELECTRICAL WORKS,"SQUARE BOX, GA 16 (4"" x 4"" x 2"")",PC
MS09.0044,SPECIFIC WORKS,ELECTRICAL WORKS,"SQUARE BOX, PVC (4"" x 4"" x 2"")",PC
MS09.0045,SPECIFIC WORKS,ELECTRICAL WORKS,"UTILITY BOX, GA 16 (2"" x 4"" x 2"")",PC
MS09.0046,SPECIFIC WORKS,ELECTRICAL WORKS,"UTILITY BOX, PVC (2"" x 4"" x 2"")",PC
MS09.0047,SPECIFIC WORKS,ELECTRICAL WORKS,"SURFACE TYPE UTILITY BOX (AMCO), PVC",PC
MS09.0048,SPECIFIC WORKS,ELECTRICAL WORKS,"OCTAGONAL JUNCTION BOX, GA 16 (4"" x 4"" x 2"")",PC
MS09.0049,SPECIFIC WORKS,ELECTRICAL WORKS,"OCTAGONAL JUNCTION BOX, PVC (4"" x 4"" x 2"")",PC
MS09.0050,SPECIFIC WORKS,ELECTRICAL WORKS,"METAL PULL BOX, GA 16 (6"" x 6"" x 4"")",PC
MS09.0051,SPECIFIC WORKS,ELECTRICAL WORKS,"METAL PULL BOX, GA 16 (12"" x 12"" x 4"")",PC
MS09.0052,SPECIFIC WORKS,ELECTRICAL WORKS,SOLDERLESS CONNECTOR (20 mm dia.),PC
MS09.0053,SPECIFIC WORKS,ELECTRICAL WORKS,"ELECTRIC WIRE, THWN/THHN, 14 AWG (2 mm Ø)",M
MS09.0054,SPECIFIC WORKS,ELECTRICAL WORKS,"ELECTRIC WIRE, THWN/THHN, 12 AWG (3.5 mm Ø)",M
MS09.0055,SPECIFIC WORKS,ELECTRICAL WORKS,"ELECTRIC WIRE, THWN/THHN, 10 AWG (5.5 mm Ø)",M
MS09.0056,SPECIFIC WORKS,ELECTRICAL WORKS,"ELECTRIC WIRE, THWN/THHN, 8 AWG (8.0 mm Ø)",M
MS09.0057,SPECIFIC WORKS,ELECTRICAL WORKS,"SWITCH, ONE-GANG",PC
MS09.0058,SPECIFIC WORKS,ELECTRICAL WORKS,"SWITCH, TWO-GANG",PC
MS09.0059,SPECIFIC WORKS,ELECTRICAL WORKS,"SWITCH, THREE-GANG",PC
MS09.0060,SPECIFIC WORKS,ELECTRICAL WORKS,"THREE-WAY SWITCH, ONE-GANG",PC
MS09.0061,SPECIFIC WORKS,ELECTRICAL WORKS,"THREE-WAY SWITCH, TWO-GANG",PC
MS09.0062,SPECIFIC WORKS,ELECTRICAL WORKS,"THREE-WAY SWITCH, THREE-GANG",PC
MS09.0063,SPECIFIC WORKS,ELECTRICAL WORKS,"UNIVERSAL OUTLET, ONE-GANG",PC
MS09.0064,SPECIFIC WORKS,ELECTRICAL WORKS,"UNIVERSAL OUTLET, TWO-GANG",PC
MS09.0065,SPECIFIC WORKS,ELECTRICAL WORKS,"UNIVERSAL OUTLET, THREE-GANG",PC
MS09.0066,SPECIFIC WORKS,ELECTRICAL WORKS,"AIRCON OUTLET, ONE-GANG",PC
MS09.0067,SPECIFIC WORKS,ELECTRICAL WORKS,"GFCI OUTLET, TWO-GANG",PC
MS09.0068,SPECIFIC WORKS,ELECTRICAL WORKS,"FLOOR-MOUNTED UNIVERSAL OUTLET, TWO-GANG",PC
MS09.0069,SPECIFIC WORKS,ELECTRICAL WORKS,TWIST LOCK OUTLET (30A),PC
MS09.0070,SPECIFIC WORKS,ELECTRICAL WORKS,ELECTRICAL TAPE (19 mm x 20 m),PC
MS09.0071,SPECIFIC WORKS,ELECTRICAL WORKS,"MINI CIRCUIT BREAKER, 20A, 2P, 10KA, BOLT-ON",PC
MS09.0072,SPECIFIC WORKS,ELECTRICAL WORKS,"MINI CIRCUIT BREAKER, 20A, 3P, 10KA, BOLT-ON",PC
MS09.0073,SPECIFIC WORKS,ELECTRICAL WORKS,"MINI CIRCUIT BREAKER, 20A, 2P, 10KA, PLUG-IN",PC
MS09.0074,SPECIFIC WORKS,ELECTRICAL WORKS,"MINI CIRCUIT BREAKER, 20A, 3P, 10KA, PLUG-IN",PC
MS09.0075,SPECIFIC WORKS,ELECTRICAL WORKS,"MOLDED CASE CIRCUIT BREAKER, 100A, 230V, 2P, 25Kaic",PC
MS09.0076,SPECIFIC WORKS,ELECTRICAL WORKS,"ELECTRICAL CIRCUIT BREAKER, 100A, NEMA 3R (HOUSING ONLY)",PC
MS09.0077,SPECIFIC WORKS,ELECTRICAL WORKS,"PANEL BOARD, BOLT-ON (2P, 12B)",PC
MS09.0078,SPECIFIC WORKS,ELECTRICAL WORKS,"PANEL BOARD, PLUG-IN (2P, 12B)",PC
MS10.0001,SPECIFIC WORKS,LIGHTING FIXTURES,"6W LED DOWNLIGHT, ROUND, SURFACE-MOUNTED",PC
MS10.0002,SPECIFIC WORKS,LIGHTING FIXTURES,"9W LED DOWNLIGHT, ROUND, SURFACE-MOUNTED",PC
MS10.0003,SPECIFIC WORKS,LIGHTING FIXTURES,"12W LED DOWNLIGHT, ROUND, SURFACE-MOUNTED",PC
MS10.0004,SPECIFIC WORKS,LIGHTING FIXTURES,"18W LED DOWNLIGHT, ROUND, SURFACE-MOUNTED",PC
MS10.0005,SPECIFIC WORKS,LIGHTING FIXTURES,"6W LED DOWNLIGHT, ROUND, RECESSED",PC
MS10.0006,SPECIFIC WORKS,LIGHTING FIXTURES,"9W LED DOWNLIGHT, ROUND, RECESSED",PC
MS10.0007,SPECIFIC WORKS,LIGHTING FIXTURES,"12W LED DOWNLIGHT, ROUND, RECESSED",PC
MS10.0008,SPECIFIC WORKS,LIGHTING FIXTURES,"18W LED DOWNLIGHT, ROUND, RECESSED",PC
MS10.0009,SPECIFIC WORKS,LIGHTING FIXTURES,"7W LED BULB, E27",PC
MS10.0010,SPECIFIC WORKS,LIGHTING FIXTURES,"9W LED BULB, E27",PC
MS10.0011,SPECIFIC WORKS,LIGHTING FIXTURES,"15W LED BULB, E27",PC
MS10.0012,SPECIFIC WORKS,LIGHTING FIXTURES,"18W LED BULB, E27",PC
MS10.0013,SPECIFIC WORKS,LIGHTING FIXTURES,"CEILING RECEPTACLE, PORCELAIN, E27",PC
MS10.0014,SPECIFIC WORKS,LIGHTING FIXTURES,150W LED HIGH BAY LIGHT,PC
MS10.0015,SPECIFIC WORKS,LIGHTING FIXTURES,10W LED FLOODLIGHT,PC
MS10.0016,SPECIFIC WORKS,LIGHTING FIXTURES,"EMERGENCY LIGHT, 2X3W LED",PC
MS10.0017,SPECIFIC WORKS,LIGHTING FIXTURES,"EXIT SIGN LIGHT, 3W LED",PC
MS06.0001,SPECIFIC WORKS,MEPFS,"MANUAL CALL POINT, CONVENTIONAL",PC
MS06.0002,SPECIFIC WORKS,MEPFS,"FIRE ALARM BELL, CONVENTIONAL",PC
MS06.0003,SPECIFIC WORKS,MEPFS,"ANNUNCIATOR, CONVENTIONAL",PC
MS06.0004,SPECIFIC WORKS,MEPFS,"SMOKE DETECTOR, CONVENTIONAL",PC
MS06.0005,SPECIFIC WORKS,MEPFS,"GI CAP, BANDED (1/2"" | 12.7 mm Ø)",PC
MS06.0006,SPECIFIC WORKS,MEPFS,"GI CAP, BANDED (3/4"" | 19 mm Ø)",PC
MS06.0007,SPECIFIC WORKS,MEPFS,"GI CAP, BANDED (1"" | 25.4 mm Ø)",PC
MS06.0008,SPECIFIC WORKS,MEPFS,"GI CAP, BANDED (1 1/2"" | 38 mm Ø)",PC
MS06.0009,SPECIFIC WORKS,MEPFS,"GI CAP, BANDED (2"" | 50 mm Ø)",PC
MS06.0010,SPECIFIC WORKS,MEPFS,"GI COUPLING (1/2"" | 12.7 mm Ø)",PC
MS06.0011,SPECIFIC WORKS,MEPFS,"GI COUPLING (3/4"" | 19 mm Ø)",PC
MS06.0012,SPECIFIC WORKS,MEPFS,"GI COUPLING (1"" | 25.4 mm Ø)",PC
MS06.0013,SPECIFIC WORKS,MEPFS,"GI COUPLING (1 1/2"" | 38 mm Ø)",PC
MS06.0014,SPECIFIC WORKS,MEPFS,"GI COUPLING (2"" | 50 mm Ø)",PC
MS06.0015,SPECIFIC WORKS,MEPFS,"GI PLUG (1/2"" | 12.7 mm Ø)",PC
MS06.0016,SPECIFIC WORKS,MEPFS,"GI PLUG (3/4"" | 19 mm Ø)",PC
MS06.0017,SPECIFIC WORKS,MEPFS,"GI PLUG (1"" | 25.4 mm Ø)",PC
MS06.0018,SPECIFIC WORKS,MEPFS,"GI PLUG (1 1/2"" | 38 mm Ø)",PC
MS06.0019,SPECIFIC WORKS,MEPFS,"GI PLUG (2"" | 50 mm Ø)",PC
MS06.0020,SPECIFIC WORKS,MEPFS,"GI TEE, BANDED (1/2"" | 12.7 mm Ø)",PC
MS06.0021,SPECIFIC WORKS,MEPFS,"GI TEE, BANDED (3/4"" | 19 mm Ø)",PC
MS06.0022,SPECIFIC WORKS,MEPFS,"GI TEE, BANDED (1"" | 25.4 mm Ø)",PC
MS06.0023,SPECIFIC WORKS,MEPFS,"GI TEE, BANDED (1 1/2"" | 38 mm Ø)",PC
MS06.0024,SPECIFIC WORKS,MEPFS,"GI TEE, BANDED (2"" | 50 mm Ø)",PC
MS06.0025,SPECIFIC WORKS,MEPFS,"GI UNION, FLAT SEAT (1/2"" | 12.7 mm Ø)",PC
MS06.0026,SPECIFIC WORKS,MEPFS,"GI UNION, FLAT SEAT (3/4"" | 19 mm Ø)",PC
MS06.0027,SPECIFIC WORKS,MEPFS,"GI UNION, FLAT SEAT (1"" | 25.4 mm Ø)",PC
MS06.0028,SPECIFIC WORKS,MEPFS,"GI UNION, FLAT SEAT (1 1/2"" | 38 mm Ø)",PC
MS06.0029,SPECIFIC WORKS,MEPFS,"GI UNION, FLAT SEAT (2"" | 50 mm Ø)",PC
MS06.0030,SPECIFIC WORKS,MEPFS,"PVC CLEAN-OUT WITH PLUG & SEAL RING (2"" | 50 mm Ø)",PC
MS06.0031,SPECIFIC WORKS,MEPFS,"PVC CLEAN-OUT WITH PLUG & SEAL RING (3"" | 76 mm Ø)",PC
MS06.0032,SPECIFIC WORKS,MEPFS,"PVC CLEAN-OUT WITH PLUG & SEAL RING (4"" | 101 mm Ø)",PC
MS06.0033,SPECIFIC WORKS,MEPFS,PVC CONCENTRIC BUSHING REDUCER (76 mm x 50 mm),PC
MS06.0034,SPECIFIC WORKS,MEPFS,PVC CONCENTRIC BUSHING REDUCER (101 mm x 50 mm),PC
MS06.0035,SPECIFIC WORKS,MEPFS,PVC CONCENTRIC BUSHING REDUCER (101 mm x 76 mm),PC
MS06.0036,SPECIFIC WORKS,MEPFS,"PVC COUPLING (1/2"" | 12.7 mm Ø)",PC
MS06.0037,SPECIFIC WORKS,MEPFS,"PVC COUPLING (3/4"" | 19 mm Ø)",PC
MS06.0038,SPECIFIC WORKS,MEPFS,"PVC COUPLING (1"" | 25.4 mm Ø)",PC
MS06.0039,SPECIFIC WORKS,MEPFS,"PVC COUPLING (1 1/2"" | 38 mm Ø)",PC
MS06.0040,SPECIFIC WORKS,MEPFS,"PVC COUPLING (2"" | 50 mm Ø)",PC
MS06.0041,SPECIFIC WORKS,MEPFS,"PVC ELBOW, 45° (2"" | 50 mm Ø)",PC
MS06.0042,SPECIFIC WORKS,MEPFS,"PVC ELBOW, 45° (3"" | 76 mm Ø)",PC
MS06.0043,SPECIFIC WORKS,MEPFS,"PVC ELBOW, 45° (4"" | 101 mm Ø)",PC
MS06.0044,SPECIFIC WORKS,MEPFS,"PVC ELBOW, 87.5° (2"" | 50 mm Ø)",PC
MS06.0045,SPECIFIC WORKS,MEPFS,"PVC ELBOW, 87.5° (3"" | 76 mm Ø)",PC
MS06.0046,SPECIFIC WORKS,MEPFS,"PVC ELBOW, 87.5° (4"" | 101 mm Ø)",PC
MS06.0047,SPECIFIC WORKS,MEPFS,"PVC MALE ADAPTER, THREADED (1/2"" | 12.7 mm Ø)",PC
MS06.0048,SPECIFIC WORKS,MEPFS,"PVC MALE ADAPTER, THREADED (3/4"" | 19 mm Ø)",PC
MS06.0049,SPECIFIC WORKS,MEPFS,"PVC MALE ADAPTER, THREADED (1"" | 25.4 mm Ø)",PC
MS06.0050,SPECIFIC WORKS,MEPFS,"PVC MALE ADAPTER, THREADED (1 1/2"" | 38 mm Ø)",PC
MS06.0051,SPECIFIC WORKS,MEPFS,"PVC MALE ADAPTER, THREADED (2"" | 50 mm Ø)",PC
MS06.0052,SPECIFIC WORKS,MEPFS,"PVC P-TRAP WITH PLUG & SEAL RING (2"" | 50 mm Ø)",PC
MS06.0053,SPECIFIC WORKS,MEPFS,"PVC P-TRAP WITH PLUG & SEAL RING (3"" | 76 mm Ø)",PC
MS06.0054,SPECIFIC WORKS,MEPFS,"PVC P-TRAP WITH PLUG & SEAL RING (4"" | 101 mm Ø)",PC
MS06.0055,SPECIFIC WORKS,MEPFS,PVC REDUCER (19 mm x 12.7 mm),PC
MS06.0056,SPECIFIC WORKS,MEPFS,PVC REDUCER (25.4 mm x 19 mm),PC
MS06.0057,SPECIFIC WORKS,MEPFS,PVC REDUCER (25.4 mm x 12.7 mm),PC
MS06.0058,SPECIFIC WORKS,MEPFS,PVC REDUCER (38 mm x 25.4 mm),PC
MS06.0059,SPECIFIC WORKS,MEPFS,PVC REDUCER (38 mm x 19 mm),PC
MS06.0060,SPECIFIC WORKS,MEPFS,PVC REDUCER (50 mm x 25.4 mm),PC
MS06.0061,SPECIFIC WORKS,MEPFS,PVC TAP TEE WITH SEAL RING (50 mm X 25.4 mm),PC
MS06.0062,SPECIFIC WORKS,MEPFS,PVC TAP TEE WITH SEAL RING (50 mm X 38 mm),PC
MS06.0063,SPECIFIC WORKS,MEPFS,"PVC TEE (1/2"" | 12.7 mm Ø)",PC
MS06.0064,SPECIFIC WORKS,MEPFS,"PVC TEE (3/4"" | 19 mm Ø)",PC
MS06.0065,SPECIFIC WORKS,MEPFS,"PVC TEE (1"" | 25.4 mm Ø)",PC
MS06.0066,SPECIFIC WORKS,MEPFS,"PVC TEE (1 1/2"" | 38 mm Ø)",PC
MS06.0067,SPECIFIC WORKS,MEPFS,"PVC TEE (2"" | 50 mm Ø)",PC
MS06.0068,SPECIFIC WORKS,MEPFS,"PVC TEE, DOUBLE BRANCH (2"" | 50 mm Ø)",PC
MS06.0069,SPECIFIC WORKS,MEPFS,"PVC TEE, DOUBLE BRANCH (3"" | 76 mm Ø)",PC
MS06.0070,SPECIFIC WORKS,MEPFS,"PVC TEE, DOUBLE BRANCH (4"" | 101 mm Ø)",PC
MS06.0071,SPECIFIC WORKS,MEPFS,"PVC WYE, SINGLE BRANCH, 45° (50 mm x 50 mm)",PC
MS06.0072,SPECIFIC WORKS,MEPFS,"PVC WYE, SINGLE BRANCH, 45° (76 mm x 50 mm)",PC
MS06.0073,SPECIFIC WORKS,MEPFS,"PVC WYE, SINGLE BRANCH, 45° (76 mm x 76 mm)",PC
MS06.0074,SPECIFIC WORKS,MEPFS,"PVC WYE, SINGLE BRANCH, 45° (101 mm x 50 mm)",PC
MS06.0075,SPECIFIC WORKS,MEPFS,"PVC WYE, SINGLE BRANCH, 45° (101 mm x 76 mm)",PC
MS06.0076,SPECIFIC WORKS,MEPFS,"PVC WYE, SINGLE BRANCH, 45° (101 mm x 101 mm)",PC
MS06.0077,SPECIFIC WORKS,MEPFS,"PVC SEEP, TEE, SINGLE BRANCH, 87.5° (50 mm x 50 mm)",PC
MS06.0078,SPECIFIC WORKS,MEPFS,"PVC SEEP, TEE, SINGLE BRANCH, 87.5° (76 mm x 50 mm)",PC
MS06.0079,SPECIFIC WORKS,MEPFS,"PVC SEEP, TEE, SINGLE BRANCH, 87.5° (76 mm x 76 mm)",PC
MS06.0080,SPECIFIC WORKS,MEPFS,"PVC SEEP, TEE, SINGLE BRANCH, 87.5° (101 mm x 50 mm)",PC
MS06.0081,SPECIFIC WORKS,MEPFS,"PVC SEEP, TEE, SINGLE BRANCH, 87.5° (101 mm x 76 mm)",PC
MS06.0082,SPECIFIC WORKS,MEPFS,"PVC SEEP, TEE, SINGLE BRANCH, 87.5° (101 mm x 101 mm)",PC
MS06.0083,SPECIFIC WORKS,MEPFS,"RS CONDUIT (1/2"" | 12.7 mm Ø)",PC
MS06.0084,SPECIFIC WORKS,MEPFS,"RS CONDUIT (3/4"" | 19 mm Ø)",PC
MS06.0085,SPECIFIC WORKS,MEPFS,"RS CONDUIT (1"" | 25.4 mm Ø)",PC
MS06.0086,SPECIFIC WORKS,MEPFS,"RS CONDUIT COUPLING (1/2"" | 12.7 mm Ø)",PC
MS06.0087,SPECIFIC WORKS,MEPFS,"RS CONDUIT COUPLING (1"" | 25.4 mm Ø)",PC
MS06.0088,SPECIFIC WORKS,MEPFS,"RS CONDUIT ELBOW 90° (1"" | 25.4 mm Ø)",PC
MS06.0089,SPECIFIC WORKS,MEPFS,"PVC CONDUIT (1/2"" | 12.7 mm Ø)",PC
MS06.0090,SPECIFIC WORKS,MEPFS,"PVC CONDUIT (3/4"" | 19 mm Ø)",PC
MS06.0091,SPECIFIC WORKS,MEPFS,"PVC CONDUIT (1"" | 25.4 mm Ø)",PC
MS06.0092,SPECIFIC WORKS,MEPFS,"PVC CONDUIT COUPLING (1/2"" | 12.7 mm Ø)",PC
MS06.0093,SPECIFIC WORKS,MEPFS,"PVC CONDUIT COUPLING (3/4"" | 19 mm Ø)",PC
MS06.0094,SPECIFIC WORKS,MEPFS,"PVC CONDUIT COUPLING (1"" | 25.4 mm Ø)",PC
MS06.0095,SPECIFIC WORKS,MEPFS,"PVC CONDUIT ELBOW, 90° (1"" | 25.4 mm Ø)",PC
MS06.0096,SPECIFIC WORKS,MEPFS,"PVC ADAPTER WITH LOCKNUT (1/2"" | 12.7 mm Ø)",PC
MS06.0097,SPECIFIC WORKS,MEPFS,"PVC ADAPTER WITH LOCKNUT (3/4"" | 19 mm Ø)",PC
MS06.0098,SPECIFIC WORKS,MEPFS,"PVC ADAPTER WITH LOCKNUT (1"" | 25.4 mm Ø)",PC
MS06.0099,SPECIFIC WORKS,MEPFS,"BUSHING AND LOCKNUT (1/2"" | 12.7 mm Ø)",PC
MS06.0100,SPECIFIC WORKS,MEPFS,"BUSHING AND LOCKNUT (3/4"" | 19 mm Ø)",PC
MS06.0101,SPECIFIC WORKS,MEPFS,"BUSHING AND LOCKNUT (1"" | 25.4 mm Ø)",PC
MS06.0102,SPECIFIC WORKS,MEPFS,"SERVICE ENTRANCE CAP (1/2"" | 12.7 mm Ø)",PC
MS06.0103,SPECIFIC WORKS,MEPFS,"SERVICE ENTRANCE CAP (3/4"" | 19 mm Ø)",PC
MS06.0104,SPECIFIC WORKS,MEPFS,"SERVICE ENTRANCE CAP (1"" | 25.4 mm Ø)",PC
MS06.0105,SPECIFIC WORKS,MEPFS,"ELECTRIC WIRE, THWN/THHN, 14 AWG (2 mm Ø)",M
MS06.0106,SPECIFIC WORKS,MEPFS,"ELECTRIC WIRE, THWN/THHN, 12 AWG (3.5 mm Ø)",M
MS06.0107,SPECIFIC WORKS,MEPFS,"ELECTRIC WIRE, THWN/THHN, 10 AWG (5.5 mm Ø)",M
MS06.0108,SPECIFIC WORKS,MEPFS,"NETWORK CABLE, CAT-5E",M
MS06.0109,SPECIFIC WORKS,MEPFS,ONE-GANG SWITCH,PC
MS06.0110,SPECIFIC WORKS,MEPFS,TWO-GANG SWITCH,PC
MS06.0111,SPECIFIC WORKS,MEPFS,THREE-GANG SWITCH,PC
MS06.0112,SPECIFIC WORKS,MEPFS,"DUPLEX CONVENIENCE OUTLET, GROUNDING TYPE",PC
MS06.0113,SPECIFIC WORKS,MEPFS,"SIMPLEX CONVENIENCE OUTLET, GROUNDING TYPE",PC
MS06.0114,SPECIFIC WORKS,MEPFS,ACU OUTLET,PC
MS06.0115,SPECIFIC WORKS,MEPFS,"FLOOR OUTLET, POP-UP",PC
MS06.0116,SPECIFIC WORKS,MEPFS,SIMPLEX TELEPHONE OUTLET,PC
MS06.0117,SPECIFIC WORKS,MEPFS,"SQUARE BOX, GA 16 (4"" x 4"" x 2"")",PC
MS06.0118,SPECIFIC WORKS,MEPFS,"UTILITY BOX, GA 16 (2"" x 4"" x 2"")",PC
MS06.0119,SPECIFIC WORKS,MEPFS,"OCTAGONAL JUNCTION BOX, GA 16 (4"" x 4"" x 2"")",PC
MS06.0120,SPECIFIC WORKS,MEPFS,"METAL PULL BOX, GA 16 (6"" x 6"" x 4"")",PC
MS06.0121,SPECIFIC WORKS,MEPFS,"METAL PULL BOX, GA 16 (12"" x 12"" x 4"")",PC
MS06.0122,SPECIFIC WORKS,MEPFS,"MICA TUBING (1/2"" Ø)",M
MS06.0123,SPECIFIC WORKS,MEPFS,ELECTRICAL TAPE (19 mm x 20 m),PC
MS07.0001,SPECIFIC WORKS,ROAD SAFETY MATERIAL,"CAT'S EYE REFLECTIVE STUD, FLUSH SURFACE (180 mm x 140 mm)",PC
MS07.0002,SPECIFIC WORKS,ROAD SAFETY MATERIAL,"CAT'S EYE REFLECTIVE STUD, RAISED PROFILE (100 mm x 100 mm)",PC
MS07.0003,SPECIFIC WORKS,ROAD SAFETY MATERIAL,METAL FLEX BEAM (254 mm width),M
MS07.0004,SPECIFIC WORKS,ROAD SAFETY MATERIAL,METAL FLEX BEAM (305 mm width),M
MS07.0005,SPECIFIC WORKS,ROAD SAFETY MATERIAL,METAL FLEX BEAM (355 mm width),M
MS07.0006,SPECIFIC WORKS,ROAD SAFETY MATERIAL,GUARDRAIL END PIECE (FISH TAIL),M
MS07.0007,SPECIFIC WORKS,ROAD SAFETY MATERIAL,GUARDRAIL END PIECE (BULL NOSE),M
MS07.0008,SPECIFIC WORKS,ROAD SAFETY MATERIAL,WIRE ROPE / CABLE (12.5 mm Ø),M
MS07.0009,SPECIFIC WORKS,ROAD SAFETY MATERIAL,WIRE ROPE / CABLE (19 mm Ø),M
MS07.0010,SPECIFIC WORKS,ROAD SAFETY MATERIAL,WIRE ROPE / CABLE (25.4 mm Ø),M
MS07.0011,SPECIFIC WORKS,ROAD SAFETY MATERIAL,"GI BOLT WITH NUT & WASHER (5/8"" Ø x 1"")",PC
MS07.0012,SPECIFIC WORKS,ROAD SAFETY MATERIAL,"GI BOLT WITH NUT & WASHER (5/8"" Ø x 9"")",PC
MS07.0013,SPECIFIC WORKS,ROAD SAFETY MATERIAL,"ROAD SIGN, CIRCLE (450 mm, 3 mm thk aluminum sheet)",PC
MS07.0014,SPECIFIC WORKS,ROAD SAFETY MATERIAL,"ROAD SIGN, CIRCLE (600 mm, 3 mm thk aluminum sheet)",PC
MS07.0015,SPECIFIC WORKS,ROAD SAFETY MATERIAL,"ROAD SIGN, CIRCLE (900 mm, 3 mm thk aluminum sheet)",PC
MS07.0016,SPECIFIC WORKS,ROAD SAFETY MATERIAL,"ROAD SIGN, OCTAGON (450 mm x 450 mm, 3 mm thk aluminum sheet)",PC
MS07.0017,SPECIFIC WORKS,ROAD SAFETY MATERIAL,"ROAD SIGN, OCTAGON (600 mm x 600 mm, 3 mm thk aluminum sheet)",PC
MS07.0018,SPECIFIC WORKS,ROAD SAFETY MATERIAL,"ROAD SIGN, OCTAGON (900 mm x 900 mm, 3 mm thk aluminum sheet)",PC
MS07.0019,SPECIFIC WORKS,ROAD SAFETY MATERIAL,"ROAD SIGN, RECTANGLE (400 mm x 600 mm, 3 mm thk aluminum sheet)",PC
MS07.0020,SPECIFIC WORKS,ROAD SAFETY MATERIAL,"ROAD SIGN, RECTANGLE (600 mm x 1000 mm, 3 mm thk aluminum sheet)",PC
MS07.0021,SPECIFIC WORKS,ROAD SAFETY MATERIAL,"ROAD SIGN, RECTANGLE (1500 mm x 1800 mm, 3 mm thk aluminum sheet)",PC
MS07.0022,SPECIFIC WORKS,ROAD SAFETY MATERIAL,"ROAD SIGN, TRIANGLE (450 mm, 3 mm thk aluminum sheet)",PC
MS07.0023,SPECIFIC WORKS,ROAD SAFETY MATERIAL,"ROAD SIGN, TRIANGLE (600 mm, 3 mm thk aluminum sheet)",PC
MS07.0024,SPECIFIC WORKS,ROAD SAFETY MATERIAL,"ROAD SIGN, TRIANGLE (900 mm, 3 mm thk aluminum sheet)",PC
MS07.0025,SPECIFIC WORKS,ROAD SAFETY MATERIAL,"CHEVRON SIGN (400 mm x 600 mm, 3 mm thk aluminum sheet)",PC
MS07.0026,SPECIFIC WORKS,ROAD SAFETY MATERIAL,"CHEVRON SIGN (600 mm x 800 mm, 3 mm thk aluminum sheet)",PC
MS07.0027,SPECIFIC WORKS,ROAD SAFETY MATERIAL,"REFLECTORIZED TRAFFIC PAINT, WHITE",LTR
MS07.0028,SPECIFIC WORKS,ROAD SAFETY MATERIAL,"REFLECTORIZED TRAFFIC PAINT, YELLOW",LTR
MS07.0029,SPECIFIC WORKS,ROAD SAFETY MATERIAL,"THERMOPLASTIC PAINT, WHITE (25 kg)",BAG
MS07.0030,SPECIFIC WORKS,ROAD SAFETY MATERIAL,"THERMOPLASTIC PAINT, YELLOW (25 kg)",BAG
MS07.0031,SPECIFIC WORKS,ROAD SAFETY MATERIAL,GLASS BEADS (25 kg),BAG
MS07.0032,SPECIFIC WORKS,ROAD SAFETY MATERIAL,PRIMER,LTR
MS08.0001,SPECIFIC WORKS,ROOFING,"CORRUGATED ROOFING SHEET, GA 26",SQM
MS08.0002,SPECIFIC WORKS,ROOFING,"RIB-TYPE ROOFING SHEET, GA 26",SQM
MS08.0003,SPECIFIC WORKS,ROOFING,"FLASHING, GA 26 (0.61 m x 2.44 m)",PC
MS08.0004,SPECIFIC WORKS,ROOFING,"GUTTER, GA 24 (0.61 m x 2.44 m)",PC
MS08.0005,SPECIFIC WORKS,ROOFING,"RIDGE ROLL, GA 26 (0.61 m x 2.44 m)",PC
MS08.0006,SPECIFIC WORKS,ROOFING,"GI SHEET, PLAIN, GA 16 (1.22 m x 2.44 m)",PC
MS08.0007,SPECIFIC WORKS,ROOFING,"GI SHEET, PLAIN, GA 20 (1.22 m x 2.44 m)",PC
MS08.0008,SPECIFIC WORKS,ROOFING,"GI SHEET, PLAIN, GA 26 (1.22 m x 2.44 m)",PC
MS11.0001,SPECIFIC WORKS,FINISHING WORKS,FIBER CEMENT BOARD (4.5 mm x 4' 8'),PC
MS11.0002,SPECIFIC WORKS,FINISHING WORKS,FIBER CEMENT BOARD (49 mm x 4' 8'),PC
MS11.0003,SPECIFIC WORKS,FINISHING WORKS,"SINGLE FURRING, METAL (3/4"" x 2"" x 16', 0.5 mm thk.)",PC
MS11.0004,SPECIFIC WORKS,FINISHING WORKS,"DOUBLE FURRING, METAL (3/4"" x 2"" x 16', 0.5 mm thk.)",PC
MS11.0005,SPECIFIC WORKS,FINISHING WORKS,"METAL STUD (4"" x 2"" x 10', 0.5 mm thk.)",PC
MS11.0006,SPECIFIC WORKS,FINISHING WORKS,"METAL STUD (3"" x 2"" x 10', 0.5 mm thk.)",PC
MS11.0007,SPECIFIC WORKS,FINISHING WORKS,"CARRYING CHANNEL (1"" x  2"" x 16', 0.6 mm thk.)",PC
MS11.0008,SPECIFIC WORKS,FINISHING WORKS,"CARRYING CHANNEL (1"" x  2"" x 16', 1.0 mm thk.)",PC
MS11.0009,SPECIFIC WORKS,FINISHING WORKS,W-CLIP (0.5 mm thk.),PC
MS11.0010,SPECIFIC WORKS,FINISHING WORKS,"WALL ANGLE, GA 24 (1"" x 1"" x 10'. 0.6 mm thk.)",PC
MS11.0011,SPECIFIC WORKS,FINISHING WORKS,"WALL ANGLE, GA 64 (1"" x 1"" x 10'. 0.4 mm thk.)",PC
MS11.0012,SPECIFIC WORKS,FINISHING WORKS,"BLIND RIVET, 50 pcs. (5/32"" x 3/8"")",BOX
MS11.0013,SPECIFIC WORKS,FINISHING WORKS,"TEK SCREW, 50 pcs (1"")",BOX
MS11.0014,SPECIFIC WORKS,FINISHING WORKS,"TEK SCREW, 50 pcs (2"")",BOX
MS11.0015,SPECIFIC WORKS,FINISHING WORKS,"GYPSUM BOARD (1/2"" x 4' x 8')",PC
MS11.0016,SPECIFIC WORKS,FINISHING WORKS,"GYPSUM BOARD, MOISTURE RESISTANT (1/2"" x 4' x 8')",PC
MS11.0017,SPECIFIC WORKS,FINISHING WORKS,"MAIN TEE (1 1/2"" x 1"" x 12', 0.3 mm thk.)",PC
MS11.0018,SPECIFIC WORKS,FINISHING WORKS,"CROSS TEE RUNNER (1"" x 1"" x 4', 0.3 mm thk.)",PC
MS11.0019,SPECIFIC WORKS,FINISHING WORKS,"BLACK SCREW, 50 pcs. (3/4"")",BOX
MS11.0020,SPECIFIC WORKS,FINISHING WORKS,"BLACK SCREW, 50 pcs. (1"")",BOX
MS12.0001,SPECIFIC WORKS,AIRCONDITIONING SYSTEM,"L-TYPE COPPER REFRIGERANT PIPE, 6m (1/4"" Ø)",PC
MS12.0002,SPECIFIC WORKS,AIRCONDITIONING SYSTEM,"L-TYPE COPPER REFRIGERANT PIPE, 6m (3/8"" Ø)",PC
MS12.0003,SPECIFIC WORKS,AIRCONDITIONING SYSTEM,"L-TYPE COPPER REFRIGERANT PIPE, 6m (1/2"" Ø)",PC
MS12.0004,SPECIFIC WORKS,AIRCONDITIONING SYSTEM,"L-TYPE COPPER REFRIGERANT PIPE, 6m (5/8"" Ø)",PC
MS12.0005,SPECIFIC WORKS,AIRCONDITIONING SYSTEM,"L-TYPE COPPER REFRIGERANT PIPE, 6m (3/4"" Ø)",PC
MS12.0006,SPECIFIC WORKS,AIRCONDITIONING SYSTEM,"L-TYPE COPPER REFRIGERANT PIPE, 6m (7/8"" Ø)",PC
MS12.0007,SPECIFIC WORKS,AIRCONDITIONING SYSTEM,"L-TYPE COPPER REFRIGERANT PIPE, 6m (1-1/8"" Ø)",PC
MS12.0008,SPECIFIC WORKS,AIRCONDITIONING SYSTEM,"RUBBER PIPE INSULATION, 25mm thk. (1/4"" Ø)",M
MS12.0009,SPECIFIC WORKS,AIRCONDITIONING SYSTEM,"RUBBER PIPE INSULATION, 25mm thk. (3/8"" Ø)",M
MS12.0010,SPECIFIC WORKS,AIRCONDITIONING SYSTEM,"RUBBER PIPE INSULATION, 25mm thk. (1/2"" Ø)",M
MS12.0011,SPECIFIC WORKS,AIRCONDITIONING SYSTEM,"RUBBER PIPE INSULATION, 25mm thk. (5/8"" Ø)",M
MS12.0012,SPECIFIC WORKS,AIRCONDITIONING SYSTEM,"RUBBER PIPE INSULATION, 25mm thk. (3/4"" Ø)",M
MS12.0013,SPECIFIC WORKS,AIRCONDITIONING SYSTEM,"RUBBER PIPE INSULATION, 25mm thk. (7/8"" Ø)",M
MS12.0014,SPECIFIC WORKS,AIRCONDITIONING SYSTEM,"RUBBER PIPE INSULATION, 25mm thk. (1-1/8"" Ø)",M
MS13.0001,SPECIFIC WORKS,VENTILATING SYSTEM,"SPIRAL ROUND DUCT, GI, 3m (6"" | 150 mm Ø)",PC
MS13.0002,SPECIFIC WORKS,VENTILATING SYSTEM,"FLEXIBLE ROUND DUCT, ALUMINUM, 3m (6"" | 150 mm Ø)",PC
MS13.0003,SPECIFIC WORKS,VENTILATING SYSTEM,"EXHAUST VENT CAP, STEEL (6"" | 150 mm Ø)",PC
MS13.0004,SPECIFIC WORKS,VENTILATING SYSTEM,EXHAUST RAINHOOD (450 mm x 450 mm),PC
MS14.0001,SPECIFIC WORKS,AUTOMATIC FIRE SPRINKLER SYSTEM (AFSS),"FIRE EXTINGUISHER, PORTABLE, ABC DRY CHEMICAL, 10 lbs.",PC
MS14.0002,SPECIFIC WORKS,AUTOMATIC FIRE SPRINKLER SYSTEM (AFSS),"FIRE EXTINGUISHER, PORTABLE, ABC DRY CHEMICAL, 20 lbs.",PC
MS14.0003,SPECIFIC WORKS,AUTOMATIC FIRE SPRINKLER SYSTEM (AFSS),"FIRE EXTINGUISHER, WALL-MOUNTED, CLEAN AGENT HCFC 123, 19lbs.",SET
MS14.0004,SPECIFIC WORKS,AUTOMATIC FIRE SPRINKLER SYSTEM (AFSS),FIRE HOSE CABINET WITH UL/FM APPROVED FIREHOSE (38 mm Ø 30 m),PC
MS14.0005,SPECIFIC WORKS,AUTOMATIC FIRE SPRINKLER SYSTEM (AFSS),"FIRE DEPARTMENT CONNECTION (2-1/2"" x 2-1/2"" x 3"")",PC
MS14.0006,SPECIFIC WORKS,AUTOMATIC FIRE SPRINKLER SYSTEM (AFSS),"SIAMESE TWIN (2-1/2"" x 2-1/2"" x 4"")",PC
MS14.0007,SPECIFIC WORKS,AUTOMATIC FIRE SPRINKLER SYSTEM (AFSS),"GATE VALVE, NRS, 200 PSI (2"" | 50 mm Ø)",PC
MS14.0008,SPECIFIC WORKS,AUTOMATIC FIRE SPRINKLER SYSTEM (AFSS),"GATE VALVE, NRS, 200 PSI (4"" | 100 mm Ø)",PC
MS14.0009,SPECIFIC WORKS,AUTOMATIC FIRE SPRINKLER SYSTEM (AFSS),"GATE VALVE, OS&Y, 200 PSI (4"" | 100 mm Ø)",PC
MS14.0010,SPECIFIC WORKS,AUTOMATIC FIRE SPRINKLER SYSTEM (AFSS),"CHECK VALVE, NRS, 200 PSI (4"" | 100 mm Ø)",PC
MS14.0011,SPECIFIC WORKS,AUTOMATIC FIRE SPRINKLER SYSTEM (AFSS),"ALARM CHECK VALVE, NRS 200 PSI (4"" | 100 mm Ø)",PC
MS14.0012,SPECIFIC WORKS,AUTOMATIC FIRE SPRINKLER SYSTEM (AFSS),"FLEXIBLE CONNECTOR, 200 PSI (2"" | 50 mm Ø)",PC
MS14.0013,SPECIFIC WORKS,AUTOMATIC FIRE SPRINKLER SYSTEM (AFSS),"FLEXIBLE CONNECTOR, 200 PSI (4"" | 100 mm Ø)",PC
