MATERIAL CODE,Unit Price
MG01.0001, 544.64 
MG01.0002, 593.75 
MG01.0003, 580.36 
MG01.0004, 750.00 
MG01.0005, 705.36 
MG01.0008, 714.29 
MG01.0009," 1,026.79 "
MG01.0010," 1,026.79 "
MG01.0012, 937.50 
MG01.0013, 794.64 
MG01.0014, 750.00 
MG01.0015, 669.64 
MG02.0006," 7,946.43 "
MG03.0002, 232.14 
MG04.0001, 21.00 
MG04.0002, 23.00 
MG04.0003, 12.95 
MG04.0004, 14.33 
MG05.0002," 4,402.36 "
MG05.0003, 195.24 
MG05.0004, 58.18 
MG05.0012, 214.29 
MG06.0001, 66.56 
MG06.0002, 89.29 
MG06.0003, 22.77 
MG06.0004, 42.86 
MG06.0006, 366.07 
MG06.0007, 656.25 
MG06.0008, 973.21 
MG06.0009, 339.29 
MG06.0010, 581.06 
MG06.0011, 937.50 
MG06.0018, 719.00 
MG06.0019, 942.00 
MG06.0012, 40.18 
MG06.0013, 40.18 
MG06.0014, 44.64 
MG06.0015, 42.56 
MG06.0016, 46.88 
MG06.0017, 50.89 
MG07.0001, 916.07 
MG07.0002, 634.82 
MG07.0003, 936.39 
MG07.0004, 210.71 
MG07.0005, 741.52 
MG07.0006, 691.96 
MG07.0007, 691.96 
MG07.0008, 745.99 
MG07.0009, 499.11 
MG07.0010, 433.04 
MG08.0001, 311.61 
MG08.0002, 415.18 
MG08.0003, 691.96 
MG08.0004," 1,042.86 "
MG08.0005," 1,327.68 "
MG08.0007," 2,373.21 "
MG08.0009," 3,482.14 "
MG08.0010," 7,964.29 "
MG08.0011," 11,150.45 "
MG08.0012, 66.96 
MG08.0013, 100.00 
MG08.0014, 146.96 
MG08.0015, 242.86 
MG08.0016, 335.27 
MG08.0018, 428.57 
MG08.0020, 526.79 
MG08.0039, 624.00 
MG08.0040," 1,054.00 "
MG08.0041," 1,599.29 "
MG08.0042," 3,923.90 "
MG08.0021, 562.79 
MG08.0022, 970.00 
MG08.0023," 1,250.00 "
MG08.0024," 2,276.79 "
MG08.0025," 3,522.07 "
MG08.0026," 3,905.93 "
MG08.0027," 4,649.17 "
MG08.0028," 5,335.79 "
MG08.0029," 5,046.58 "
MG08.0030, 756.18 
MG08.0031," 1,107.99 "
MG08.0032," 1,823.15 "
MG08.0033," 3,123.66 "
MG08.0034," 4,132.49 "
MG08.0035," 4,375.00 "
MG08.0036," 5,310.30 "
MG08.0037," 6,691.57 "
MG08.0038," 7,381.13 "
MG09.0001," 4,781.25 "
MG09.0002," 4,840.31 "
MG09.0003," 4,928.57 "
MG09.0004," 5,107.14 "
MG09.0005," 4,665.18 "
MG09.0006," 4,799.11 "
MG09.0007," 5,062.50 "
MG09.0008," 5,743.29 "
MG09.0009," 4,799.11 "
MG09.0010," 4,924.11 "
MG09.0011," 4,931.25 "
MG09.0012," 5,058.04 "
MG10.0001, 38.39 
MG10.0002, 39.29 
MG10.0003, 67.86 
MG10.0004, 44.69 
MG10.0005, 58.00 
MG10.0022, 54.40 
MG10.0006, 44.01 
MG10.0007, 65.71 
MG10.0008, 67.80 
MG10.0009, 58.87 
MG10.0010," 9,174.34 "
MG10.0011," 12,450.00 "
MG10.0012," 15,558.53 "
MG10.0013," 16,460.55 "
MG10.0014," 18,310.05 "
MG10.0015," 20,159.55 "
MG10.0016," 22,565.03 "
MG10.0017," 23,858.03 "
MG10.0018," 25,892.86 "
MG10.0019," 30,456.00 "
MG10.0020, 36.61 
MG99.0001, 85.64 
MG99.0002, 25.59 
MG99.0003, 125.00 
MG99.0012, 22.32 
MS01.0001, 593.75 
MS01.0002, 312.50 
MS01.0003, 625.00 
MS02.0001," 1,511.70 "
MS02.0002," 1,693.10 "
MS02.0003," 2,066.96 "
MS02.0004," 2,278.11 "
MS02.0005," 2,752.39 "
MS02.0006," 2,002.50 "
MS02.0007," 2,192.98 "
MS02.0008," 2,036.16 "
MS02.0009," 2,484.44 "
MS02.0010," 3,198.10 "
MS02.0011," 3,395.01 "
MS02.0012," 4,182.24 "
MS02.0013, 258.48 
MS02.0014, 143.30 
MS02.0015, 187.50 
MS02.0016, 366.07 
MS02.0017, 446.43 
MS02.0018, 63.81 
MS02.0019," 1,070.50 "
MS02.0020, 62.95 
MS02.0021, 64.73 
MS05.0001," 14,098.37 "
MS05.0002," 14,051.79 "
MS05.0003," 21,906.47 "
MS05.0004," 24,248.21 "
MS05.0005," 23,741.34 "
MS05.0006," 23,750.38 "
MS05.0007," 31,940.46 "
MS05.0008," 42,127.92 "
MS05.0009, 505.27 
MS05.0010, 64.05 
MS05.0011, 73.26 
MS09.0001, 226.34 
MS09.0002, 299.55 
MS09.0003, 493.70 
MS09.0004, 25.00 
MS09.0005, 28.13 
MS09.0006, 31.25 
MS09.0007, 35.36 
MS09.0008, 40.18 
MS09.0009, 74.00 
MS09.0010, 8.24 
MS09.0011, 13.77 
MS09.0012, 19.54 
MS09.0013, 90.00 
MS09.0014, 117.86 
MS09.0015, 160.00 
MS09.0016, 16.88 
MS09.0017, 19.82 
MS09.0018, 33.04 
MS09.0019, 17.59 
MS09.0020, 25.00 
MS09.0021, 308.04 
MS09.0022, 500.00 
MS09.0023, 709.52 
MS09.0024, 15.71 
MS09.0025, 25.40 
MS09.0026, 42.45 
MS09.0027, 12.50 
MS09.0028, 17.86 
MS09.0029, 25.00 
MS09.0030, 29.46 
MS09.0031, 40.40 
MS09.0032, 66.96 
MS09.0033, 24.55 
MS09.0034, 15.18 
MS09.0035, 8.84 
MS09.0036, 8.04 
MS09.0037, 17.97 
MS09.0038, 58.93 
MS09.0039, 80.83 
MS09.0040, 98.00 
MS09.0041, 160.00 
MS09.0042, 335.58 
MS09.0043, 65.18 
MS09.0044, 63.84 
MS09.0045, 43.04 
MS09.0046, 24.82 
MS09.0047, 36.79 
MS09.0048, 49.55 
MS09.0049, 41.07 
MS09.0050, 267.86 
MS09.0051, 737.50 
MS09.0052, 45.00 
MS09.0053, 23.21 
MS09.0054, 35.00 
MS09.0055, 55.00 
MS09.0056, 88.00 
MS09.0057, 95.98 
MS09.0058, 141.96 
MS09.0059, 186.61 
MS09.0060, 103.79 
MS09.0061, 200.00 
MS09.0062, 239.34 
MS09.0063, 89.29 
MS09.0064, 112.57 
MS09.0065, 175.00 
MS09.0066, 178.57 
MS09.0067," 1,071.43 "
MS09.0068," 1,964.29 "
MS09.0069, 534.82 
MS09.0070, 57.14 
MS09.0071, 311.32 
MS09.0072, 491.07 
MS09.0073, 308.04 
MS09.0074, 412.14 
MS09.0075," 1,026.79 "
MS09.0076, 402.23 
MS09.0077," 4,163.64 "
MS09.0078," 2,808.04 "
MS10.0001, 289.29 
MS10.0002, 337.50 
MS10.0003, 444.64 
MS10.0004, 504.46 
MS10.0005, 262.50 
MS10.0006, 338.84 
MS10.0007, 400.00 
MS10.0008, 534.82 
MS10.0009, 82.59 
MS10.0010, 102.68 
MS10.0011, 164.73 
MS10.0012, 225.00 
MS10.0013, 32.14 
MS10.0014," 1,776.79 "
MS10.0015, 559.82 
MS10.0016," 1,439.73 "
MS10.0017, 608.93 
MS07.0027, 423.79 
MS07.0028, 447.33 
MS07.0029," 1,718.75 "
MS07.0030," 1,837.05 "
MS07.0031, 986.61 
MS07.0032, 218.75 
MS08.0001, 350.45 
MS08.0002, 522.32 
MS08.0003, 183.48 
MS08.0004, 170.98 
MS08.0005, 185.29 
MS08.0006," 1,342.21 "
MS08.0007, 943.34 
MS08.0008, 544.99 
MS11.0001, 414.86 
MS11.0002, 766.96 
MS11.0003, 100.00 
MS11.0004, 127.00 
MS11.0005, 165.25 
MS11.0006, 138.00 
MS11.0007, 105.46 
MS11.0008, 152.00 
MS11.0009, 5.36 
MS11.0010, 43.82 
MS11.0011, 49.55 
MS11.0012, 21.13 
MS11.0013, 47.73 
MS11.0014, 77.50 
MS11.0015, 433.04 
MS11.0016, 599.55 
MS11.0017, 165.18 
MS11.0018, 56.18 
MS11.0019, 50.00 
MS11.0020, 61.65 
MS12.0001, 679.25 
MS12.0002, 970.52 
MS12.0003," 1,536.32 "
MS12.0004," 2,108.58 "
MS12.0005," 2,550.00 "
MS12.0006," 3,555.09 "
MS12.0007," 4,906.98 "
MS12.0008, 66.96 
MS12.0009, 113.75 
MS12.0010, 126.96 
MS12.0011, 161.61 
MS12.0012, 179.91 
MS12.0013, 204.46 
MS12.0014, 223.21 
MS13.0001, 395.54 
MS13.0002, 491.07 
MS13.0003, 709.82 
MS13.0004," 2,289.54 "
MS14.0001," 1,776.79 "
MS14.0002," 2,884.62 "
MS14.0003," 12,500.00 "
MS14.0004," 14,959.82 "
MS14.0005," 13,196.43 "
MS14.0006," 10,803.57 "
MS14.0007," 2,008.93 "
MS14.0008," 8,311.32 "
MS14.0009," 9,000.00 "
MS14.0010," 22,321.43 "
MS14.0011," 38,303.57 "
MS14.0012," 3,000.00 "
MS14.0013," 4,375.00 "
